Survived,Pclass,SibSp,Parch,Has_Cabin,Age_capped,Fare_log,Sex_encoded,Embarked_Q,Embarked_S,Deck_B,Deck_C,Deck_D,Deck_E,Deck_F,Deck_G,Deck_T
0,3,1,0,0,22,2.1102132003465894,0,0,1,0,0,0,0,0,0,0
1,1,1,0,1,38,4.2805931204649,1,0,0,0,1,0,0,0,0,0
1,3,0,0,0,26,2.188856327665703,1,0,1,0,0,0,0,0,0,0
1,1,1,0,1,35,3.9908341858524357,1,0,1,0,1,0,0,0,0,0
0,3,0,0,0,35,2.2027647577118348,0,0,1,0,0,0,0,0,0,0
0,3,0,0,0,28,2.246892662898172,0,1,0,0,0,0,0,0,0,0
0,1,0,0,1,54,3.967694202798607,0,0,1,0,0,0,1,0,0,0
0,3,3,1,0,2,3.0944457464900235,0,0,1,0,0,0,0,0,0,0
1,3,0,2,0,27,2.495953738718064,1,0,1,0,0,0,0,0,0,0
1,2,1,0,0,14,3.436268471383741,1,0,0,0,0,0,0,0,0,0
1,3,1,1,1,4,2.8735646395797834,1,0,1,0,0,0,0,0,1,0
1,1,0,0,1,54,3.3160025355989236,1,0,1,0,1,0,0,0,0,0
0,3,0,0,0,20,2.2027647577118348,0,0,1,0,0,0,0,0,0,0
0,3,1,5,0,39,3.4742929367327062,0,0,1,0,0,0,0,0,0,0
0,3,0,0,0,14,2.180891922715322,1,0,1,0,0,0,0,0,0,0
1,2,0,0,0,54,2.833213344056216,1,0,1,0,0,0,0,0,0,0
0,3,4,1,0,2,3.405355391810819,0,1,0,0,0,0,0,0,0,0
1,2,0,0,0,28,2.6390573296152584,0,0,1,0,0,0,0,0,0,0
0,3,1,0,0,31,2.9444389791664403,1,0,1,0,0,0,0,0,0,0
1,3,0,0,0,28,2.1071782966514356,1,0,0,0,0,0,0,0,0,0
0,2,0,0,0,35,3.295836866004329,0,0,1,0,0,0,0,0,0,0
1,2,0,0,1,34,2.6390573296152584,0,0,1,0,0,1,0,0,0,0
1,3,0,0,0,15,2.2004637699272855,1,1,0,0,0,0,0,0,0,0
1,1,0,0,1,28,3.597312260588446,0,0,1,0,0,0,0,0,0,0
0,3,3,1,0,8,3.0944457464900235,1,0,1,0,0,0,0,0,0,0
1,3,1,5,0,38,3.4777725458882283,1,0,1,0,0,0,0,0,0,0
0,3,0,0,0,28,2.1071782966514356,0,0,0,0,0,0,0,0,0,0
0,1,3,2,1,19,5.575949103146316,0,0,1,0,1,0,0,0,0,0
1,3,0,0,0,28,2.1837114628556327,1,1,0,0,0,0,0,0,0,0
0,3,0,0,0,28,2.1855792552411137,0,0,1,0,0,0,0,0,0,0
0,1,0,0,0,40,3.357621598945279,0,0,0,0,0,0,0,0,0,0
1,1,1,0,1,28,4.993969182787072,1,0,0,1,0,0,0,0,0,0
1,3,0,0,0,28,2.169053700369523,1,1,0,0,0,0,0,0,0,0
0,2,0,0,0,54,2.4423470353692043,0,0,1,0,0,0,0,0,0,0
0,1,1,0,0,28,4.420896324687287,0,0,0,0,0,0,0,0,0,0
0,1,1,0,0,42,3.970291913552122,0,0,1,0,0,0,0,0,0,0
1,3,0,0,0,28,2.1076888046179385,0,0,0,0,0,0,0,0,0,0
0,3,0,0,0,21,2.2027647577118348,0,0,1,0,0,0,0,0,0,0
0,3,2,0,0,18,2.9444389791664403,1,0,1,0,0,0,0,0,0,0
1,3,1,0,0,14,2.5048481563289,1,0,0,0,0,0,0,0,0,0
0,3,1,0,0,40,2.348991465808201,1,0,1,0,0,0,0,0,0,0
0,2,1,0,0,27,3.091042453358316,1,0,1,0,0,0,0,0,0,0
0,3,0,0,0,28,2.1855792552411137,0,0,0,0,0,0,0,0,0,0
1,2,1,2,0,3,3.7513658711253766,1,0,0,0,0,0,0,0,0,0
1,3,0,0,0,19,2.1837114628556327,1,1,0,0,0,0,0,0,0,0
0,3,0,0,0,28,2.2027647577118348,0,0,1,0,0,0,0,0,0,0
0,3,1,0,0,28,2.803360380906535,0,1,0,0,0,0,0,0,0,0
1,3,0,0,0,28,2.169053700369523,1,1,0,0,0,0,0,0,0,0
0,3,2,0,0,28,3.1214482048688246,0,0,0,0,0,0,0,0,0,0
0,3,1,0,0,18,2.9338568698359038,1,0,1,0,0,0,0,0,0,0
0,3,4,1,0,7,3.705920919968788,0,0,1,0,0,0,0,0,0,0
0,3,0,0,0,21,2.174751721484161,0,0,1,0,0,0,0,0,0,0
1,1,1,0,1,49,4.353230991152628,1,0,0,0,0,1,0,0,0,0
1,2,1,0,0,29,3.295836866004329,1,0,1,0,0,0,0,0,0,0
0,1,0,1,1,54,4.142804513146981,0,0,0,1,0,0,0,0,0,0
1,1,0,0,1,28,3.597312260588446,0,0,1,0,1,0,0,0,0,0
1,2,0,0,0,21,2.4423470353692043,1,0,1,0,0,0,0,0,0,0
0,3,0,0,0,28,2.1076888046179385,0,0,0,0,0,0,0,0,0,0
1,2,1,2,0,5,3.3586377672433594,1,0,1,0,0,0,0,0,0,0
0,3,5,2,0,11,3.8691155044168695,0,0,1,0,0,0,0,0,0,0
0,3,0,0,0,22,2.1076888046179385,0,0,0,0,0,0,0,0,0,0
1,1,0,0,1,38,4.394449154672439,1,0,1,1,0,0,0,0,0,0
0,1,1,0,1,45,4.436455632600354,0,0,1,0,1,0,0,0,0,0
0,3,3,2,0,4,3.3638415951183864,0,0,1,0,0,0,0,0,0,0
0,1,0,0,0,28,3.357621598945279,0,0,0,0,0,0,0,0,0,0
1,3,1,1,0,28,2.7878344138303452,0,0,0,0,0,0,0,0,0,0
1,2,0,0,1,29,2.4423470353692043,1,0,1,0,0,0,0,1,0,0
0,3,0,0,0,19,2.2146605719425225,0,0,1,0,0,0,0,0,0,0
1,3,4,2,0,17,2.188856327665703,1,0,1,0,0,0,0,0,0,0
0,3,2,0,0,26,2.2682524139135403,0,0,1,0,0,0,0,0,0,0
0,2,0,0,0,32,2.4423470353692043,0,0,1,0,0,0,0,0,0,0
0,3,5,2,0,16,3.8691155044168695,1,0,1,0,0,0,0,0,0,0
0,2,0,0,0,21,4.310799125385514,0,0,1,0,0,0,0,0,0,0
0,3,1,0,0,26,2.737880811060884,0,0,0,0,0,0,0,0,0,0
1,3,0,0,0,32,4.05171190165724,0,0,1,0,0,0,0,0,0,0
0,3,0,0,1,25,2.157559320943788,0,0,1,0,0,0,0,1,0,0
0,3,0,0,0,28,2.1855792552411137,0,0,1,0,0,0,0,0,0,0
0,3,0,0,0,28,2.2027647577118348,0,0,1,0,0,0,0,0,0,0
1,2,0,2,0,2,3.4011973816621555,0,0,1,0,0,0,0,0,0,0
1,3,0,0,0,30,2.600836116795061,1,0,1,0,0,0,0,0,0,0
0,3,0,0,0,22,2.302585092994046,0,0,1,0,0,0,0,0,0,0
1,3,0,0,0,29,2.3513752571634776,0,0,1,0,0,0,0,0,0,0
1,3,0,0,0,28,2.1733302571367834,1,1,0,0,0,0,0,0,0,0
0,1,0,0,0,28,3.8732821771117156,0,0,1,0,0,0,0,0,0,0
1,2,0,0,0,17,2.4423470353692043,1,0,1,0,0,0,0,0,0,0
1,3,3,0,0,33,2.8243506567983707,1,0,1,0,0,0,0,0,0,0
0,3,1,3,0,16,3.5660053559634015,0,0,1,0,0,0,0,0,0,0
0,3,0,0,0,28,2.2027647577118348,0,0,1,0,0,0,0,0,0,0
1,1,3,2,1,23,5.575949103146316,1,0,1,0,1,0,0,0,0,0
0,3,0,0,0,24,2.2027647577118348,0,0,1,0,0,0,0,0,0,0
0,3,0,0,0,29,2.2027647577118348,0,0,1,0,0,0,0,0,0,0
0,3,0,0,0,20,2.180891922715322,0,0,1,0,0,0,0,0,0,0
0,1,1,0,1,46,4.1299529896894684,0,0,1,0,0,0,1,0,0,0
0,3,1,2,0,26,3.0715352369694915,0,0,1,0,0,0,0,0,0,0
0,3,0,0,0,54,2.1102132003465894,0,0,1,0,0,0,0,0,0,0
0,3,0,0,0,28,2.2027647577118348,0,0,1,0,0,0,0,0,0,0
0,1,0,0,1,54,3.57386695198272,0,0,0,0,0,0,0,0,0,0
1,1,0,1,1,23,4.164465907853638,0,0,0,0,0,1,0,0,0,0
1,2,0,1,0,34,3.1780538303479458,1,0,1,0,0,0,0,0,0,0
0,2,1,0,0,34,3.295836866004329,0,0,1,0,0,0,0,0,0,0
0,3,0,0,0,28,2.1855792552411137,1,0,1,0,0,0,0,0,0,0
0,3,0,0,0,28,2.1855792552411137,0,0,1,0,0,0,0,0,0,0
0,1,0,1,1,21,4.360387947851531,0,0,1,0,0,1,0,0,0,0
0,3,0,0,0,33,2.267393053825037,0,0,1,0,0,0,0,0,0,0
0,3,2,0,0,37,2.188856327665703,0,0,1,0,0,0,0,0,0,0
0,3,0,0,0,28,2.1855792552411137,0,0,1,0,0,0,0,0,0,0
1,3,0,0,0,21,2.157559320943788,1,0,1,0,0,0,0,0,0,0
1,3,0,0,0,28,2.1719067693519296,0,0,1,0,0,0,0,0,0,0
0,3,0,0,0,38,2.1855792552411137,0,0,1,0,0,0,0,0,0,0
1,3,1,0,0,28,3.224857896545748,1,1,0,0,0,0,0,0,0,0
0,1,0,0,1,47,3.970291913552122,0,0,1,0,1,0,0,0,0,0
0,3,1,0,0,14,2.737880811060884,1,0,0,0,0,0,0,0,0,0
0,3,0,0,0,22,2.2027647577118348,0,0,1,0,0,0,0,0,0,0
0,3,1,0,0,20,2.3818582738885534,1,0,1,0,0,0,0,0,0,0
0,3,0,0,0,17,2.738146075922933,1,0,0,0,0,0,0,0,0,0
0,3,0,0,0,21,2.188856327665703,0,0,1,0,0,0,0,0,0,0
0,3,0,0,0,54,2.169053700369523,0,1,0,0,0,0,0,0,0,0
0,2,1,0,0,29,3.091042453358316,0,0,1,0,0,0,0,0,0,0
0,1,0,1,1,24,5.515526544247129,0,0,0,1,0,0,0,0,0,0
0,3,4,2,0,2,3.4742929367327062,1,0,1,0,0,0,0,0,0,0
0,2,2,0,0,21,4.310799125385514,0,0,1,0,0,0,0,0,0,0
0,3,0,0,0,28,2.2027647577118348,0,0,1,0,0,0,0,0,0,0
0,2,1,0,0,32,3.436268471383741,0,0,0,0,0,0,0,0,0,0
1,2,0,0,1,32,2.6390573296152584,1,0,1,0,0,0,1,0,0,0
0,1,0,1,1,54,4.360387947851531,0,0,1,0,0,1,0,0,0,0
1,3,1,0,0,12,2.5048481563289,0,0,0,0,0,0,0,0,0,0
0,3,0,0,0,28,2.169053700369523,0,1,0,0,0,0,0,0,0,0
1,3,0,0,0,24,2.0969990034181696,0,0,1,0,0,0,0,0,0,0
1,3,1,1,1,28,3.1509523813392697,1,0,0,0,0,0,0,1,0,0
0,3,0,0,0,45,2.076311648670908,0,0,1,0,0,0,0,0,0,0
0,3,0,0,0,33,2.1855792552411137,0,0,0,0,0,0,0,0,0,0
0,3,0,0,0,20,2.0856720914304723,0,0,1,0,0,0,0,0,0,0
0,3,1,0,0,47,2.740840023925201,1,0,1,0,0,0,0,0,0,0
1,2,1,0,0,29,3.295836866004329,1,0,1,0,0,0,0,0,0,0
0,2,0,0,0,25,2.6390573296152584,0,0,1,0,0,0,0,0,0,0
0,2,0,0,0,23,2.775447133088262,0,0,0,0,0,0,0,0,0,0
1,1,0,2,1,19,3.3062747934011893,1,0,1,0,0,1,0,0,0,0
0,1,1,0,1,37,3.9908341858524357,0,0,1,0,1,0,0,0,0,0
0,3,0,0,0,16,2.3240236363515288,0,0,1,0,0,0,0,0,0,0
0,1,0,0,1,24,4.384523514872469,0,0,0,1,0,0,0,0,0,0
0,3,0,2,0,28,2.7878344138303452,1,0,0,0,0,0,0,0,0,0
1,3,0,0,0,22,2.169053700369523,1,0,1,0,0,0,0,0,0,0
1,3,1,0,0,24,2.8243506567983707,1,0,1,0,0,0,0,0,0,0
0,3,0,0,0,19,2.0476928433652555,0,1,0,0,0,0,0,0,0,0
0,2,0,0,0,18,2.5257286443082556,0,0,1,0,0,0,0,0,0,0
0,2,1,1,0,19,3.6309854756950335,0,0,1,0,0,0,0,0,0,0
1,3,0,0,0,27,2.174274334826008,0,0,1,0,0,0,0,0,0,0
0,3,2,2,0,9,3.5660053559634015,1,0,1,0,0,0,0,0,0,0
0,2,0,2,1,36,3.295836866004329,0,0,1,0,0,0,0,1,0,0
0,2,0,0,0,42,2.6390573296152584,0,0,1,0,0,0,0,0,0,0
0,2,0,0,0,51,2.6045398247325453,0,0,1,0,0,0,0,0,0,0
1,1,1,0,1,22,4.213607983048918,1,0,1,0,1,0,0,0,0,0
0,3,0,0,0,54,2.2027647577118348,0,0,1,0,0,0,0,0,0,0
0,3,0,2,0,40,2.740840023925201,0,0,1,0,0,0,0,0,0,0
0,3,0,0,0,28,2.1177604059819726,0,0,1,0,0,0,0,0,0,0
0,1,0,1,0,51,4.133231886474144,0,0,0,0,0,0,0,0,0,0
1,3,0,0,0,16,2.167143305297764,1,1,0,0,0,0,0,0,0,0
0,3,0,0,0,30,2.2027647577118348,0,0,1,0,0,0,0,0,0,0
0,3,0,0,0,28,2.2682524139135403,0,0,1,0,0,0,0,0,0,0
0,3,8,2,0,28,4.256321678298823,0,0,1,0,0,0,0,0,0,0
0,3,0,1,0,44,2.8390784635086144,0,0,1,0,0,0,0,0,0,0
1,2,0,0,0,40,2.8183982582710754,1,0,1,0,0,0,0,0,0,0
0,3,0,0,0,26,2.1719067693519296,0,0,1,0,0,0,0,0,0,0
0,3,0,0,0,17,2.2682524139135403,0,0,1,0,0,0,0,0,0,0
0,3,4,1,0,2,3.705920919968788,0,0,1,0,0,0,0,0,0,0
1,3,0,2,0,9,3.0692150503137943,0,0,1,0,0,0,0,0,0,0
1,1,0,1,1,28,4.02535169073515,1,0,1,0,0,0,1,0,0,0
0,3,1,4,0,45,3.3638415951183864,1,0,1,0,0,0,0,0,0,0
0,1,0,0,0,28,3.2930552230424524,0,0,1,0,0,0,0,0,0,0
0,3,0,0,0,28,4.05171190165724,0,0,1,0,0,0,0,0,0,0
0,1,0,0,1,54,3.5409593240373143,0,0,1,1,0,0,0,0,0,0
0,3,4,1,0,4,3.405355391810819,0,1,0,0,0,0,0,0,0,0
1,3,1,1,0,2,2.495953738718064,1,0,1,0,0,0,0,0,0,0
0,3,0,0,0,21,2.188856327665703,0,0,1,0,0,0,0,0,0,0
0,1,0,0,1,54,3.4561841799918147,0,0,0,0,0,0,0,0,0,0
0,3,1,1,0,18,2.180891922715322,0,0,1,0,0,0,0,0,0,0
0,3,3,1,0,28,3.275887339030031,0,0,1,0,0,0,0,0,0,0
0,1,0,0,1,50,3.391567832686312,1,0,0,0,1,0,0,0,0,0
0,2,0,0,0,30,2.6390573296152584,0,0,1,0,0,0,0,0,0,0
0,3,0,0,0,36,0.0,0,0,1,0,0,0,0,0,0,0
0,3,8,2,0,28,4.256321678298823,1,0,1,0,0,0,0,0,0,0
0,2,0,0,0,28,2.775708849576025,0,0,0,0,0,0,0,0,0,0
0,3,4,2,0,9,3.4777725458882283,0,0,1,0,0,0,0,0,0,0
1,2,2,1,1,2,3.6888794541139363,0,0,1,0,0,0,0,1,0,0
1,3,0,2,0,4,3.1365805821413706,1,0,1,0,0,0,0,0,0,0
0,1,0,0,1,28,3.9318256327243257,0,0,1,0,0,0,0,0,0,0
1,3,1,0,0,28,2.803360380906535,1,1,0,0,0,0,0,0,0,0
1,1,0,0,0,45,3.3160025355989236,0,0,1,0,0,0,0,0,0,0
0,3,1,1,0,40,2.803360380906535,0,1,0,0,0,0,0,0,0,0
0,3,0,0,0,36,2.1855792552411137,0,0,1,0,0,0,0,0,0,0
1,2,0,0,0,32,2.6390573296152584,1,0,1,0,0,0,0,0,0,0
0,2,0,0,0,19,2.6390573296152584,0,0,1,0,0,0,0,0,0,0
1,3,1,0,0,19,2.180891922715322,1,0,1,0,0,0,0,0,0,0
1,2,1,1,1,3,3.295836866004329,0,0,1,0,0,0,0,1,0,0
1,1,0,0,1,44,3.357621598945279,1,0,0,1,0,0,0,0,0,0
1,1,0,0,1,54,4.993969182787072,1,0,0,1,0,0,0,0,0,0
0,3,0,0,0,28,2.169053700369523,0,1,0,0,0,0,0,0,0,0
0,3,0,1,0,42,2.2411563979973974,0,0,1,0,0,0,0,0,0,0
1,3,0,0,0,28,2.169053700369523,1,1,0,0,0,0,0,0,0,0
0,2,0,0,0,24,2.6390573296152584,1,0,1,0,0,0,0,0,0,0
0,3,0,0,0,28,2.3513752571634776,0,0,1,0,0,0,0,0,0,0
0,3,8,2,0,28,4.256321678298823,0,0,1,0,0,0,0,0,0,0
0,3,0,0,0,34,2.0143428636837015,0,0,1,0,0,0,0,0,0,0
0,3,0,0,0,45,2.1071782966514356,0,0,0,0,0,0,0,0,0,0
1,3,0,0,0,18,2.2027647577118348,0,0,1,0,0,0,0,0,0,0
0,3,0,1,1,2,2.4390808375825834,1,0,1,0,0,0,0,0,1,0
0,3,1,0,0,32,2.8243506567983707,0,0,1,0,0,0,0,0,0,0
1,3,0,0,0,26,2.9850504252071306,0,0,0,0,0,0,0,0,0,0
1,3,0,0,0,16,2.169053700369523,1,1,0,0,0,0,0,0,0,0
1,1,0,0,1,40,3.4657359027997265,0,0,0,0,0,0,0,0,0,0
0,3,0,0,0,24,2.0856720914304723,0,0,1,0,0,0,0,0,0,0
1,2,0,0,0,35,3.091042453358316,1,0,1,0,0,0,0,0,0,0
0,3,0,0,0,22,2.1102132003465894,0,0,1,0,0,0,0,0,0,0
0,2,0,0,0,30,2.6390573296152584,0,0,1,0,0,0,0,0,0,0
0,3,1,0,0,28,2.169053700369523,0,1,0,0,0,0,0,0,0,0
1,1,1,0,1,31,4.738607824217808,1,0,0,0,0,1,0,0,0,0
1,3,0,0,0,27,2.188856327665703,1,0,1,0,0,0,0,0,0,0
0,2,1,0,0,42,3.332204510175204,0,0,1,0,0,0,0,0,0,0
1,1,0,0,1,32,4.347586575960343,1,0,0,0,0,1,0,0,0,0
0,2,0,0,0,30,2.4423470353692043,0,0,1,0,0,0,0,0,0,0
1,3,0,0,0,16,2.2027647577118348,0,0,1,0,0,0,0,0,0,0
0,2,0,0,0,27,2.6390573296152584,0,0,1,0,0,0,0,0,0,0
0,3,0,0,0,51,2.2027647577118348,0,0,1,0,0,0,0,0,0,0
0,3,0,0,0,28,2.1855792552411137,0,0,1,0,0,0,0,0,0,0
1,1,1,0,1,38,4.51085950651685,0,0,1,0,1,0,0,0,0,0
0,3,0,0,0,22,2.336986519711378,0,0,1,0,0,0,0,0,0,0
1,2,0,0,0,19,2.4423470353692043,0,0,1,0,0,0,0,0,0,0
0,3,0,0,0,20,2.1102132003465894,0,0,1,0,0,0,0,0,0,0
0,2,0,0,0,18,2.6390573296152584,0,0,1,0,0,0,0,0,0,0
0,3,3,1,0,28,3.275887339030031,1,0,1,0,0,0,0,0,0,0
1,1,1,0,1,35,4.436455632600354,1,0,1,0,1,0,0,0,0,0
0,3,0,0,0,29,2.1719067693519296,0,0,1,0,0,0,0,0,0,0
0,2,0,0,0,54,2.6741486494265287,0,0,1,0,0,0,0,0,0,0
1,3,4,2,0,5,3.4777725458882283,1,0,1,0,0,0,0,0,0,0
0,2,0,0,0,24,2.4423470353692043,0,0,1,0,0,0,0,0,0,0
0,3,0,0,0,28,2.145931282948669,1,0,1,0,0,0,0,0,0,0
0,2,1,0,0,44,3.295836866004329,0,0,1,0,0,0,0,0,0,0
1,2,0,2,0,8,3.305053521109253,1,0,1,0,0,0,0,0,0,0
0,2,0,0,0,19,2.4423470353692043,0,0,1,0,0,0,0,0,0,0
0,2,0,0,0,33,2.5858825671280026,0,0,1,0,0,0,0,0,0,0
0,3,1,0,0,28,2.737880811060884,1,0,0,0,0,0,0,0,0,0
1,3,1,0,0,28,2.803360380906535,1,1,0,0,0,0,0,0,0,0
0,2,0,0,0,29,2.4423470353692043,0,0,1,0,0,0,0,0,0,0
0,3,0,0,0,22,2.094945728215801,0,0,1,0,0,0,0,0,0,0
0,3,0,0,0,30,2.1071782966514356,0,0,0,0,0,0,0,0,0,0
0,1,2,0,1,44,4.51085950651685,0,1,0,0,1,0,0,0,0,0
0,3,0,0,0,25,2.1719067693519296,1,0,1,0,0,0,0,0,0,0
1,2,0,2,0,24,2.740840023925201,1,0,1,0,0,0,0,0,0,0
1,1,1,1,1,37,3.9806942251907276,0,0,1,0,0,1,0,0,0,0
0,2,1,0,0,54,3.295836866004329,0,0,1,0,0,0,0,0,0,0
0,3,0,0,0,28,2.1102132003465894,0,0,1,0,0,0,0,0,0,0
0,3,1,1,1,29,2.4390808375825834,1,0,1,0,0,0,0,0,1,0
0,1,0,0,1,54,3.3160025355989236,0,0,1,0,1,0,0,0,0,0
0,3,1,0,0,30,2.8390784635086144,0,0,1,0,0,0,0,0,0,0
0,3,0,2,0,41,3.0545906305603445,1,0,1,0,0,0,0,0,0,0
1,3,0,2,0,29,2.7878344138303452,1,0,0,0,0,0,0,0,0,0
1,1,0,0,0,28,4.384523514872469,1,0,0,0,0,0,0,0,0,0
1,1,0,0,1,30,4.471638793363569,1,0,1,1,0,0,0,0,0,0
1,1,0,0,0,35,6.240917354759096,1,0,0,0,0,0,0,0,0,0
1,2,0,1,0,50,3.295836866004329,1,0,1,0,0,0,0,0,0,0
0,3,0,0,0,28,2.169053700369523,0,1,0,0,0,0,0,0,0,0
1,3,4,2,0,3,3.4777725458882283,0,0,1,0,0,0,0,0,0,0
0,1,1,1,1,52,4.390118804571218,0,0,1,0,0,0,1,0,0,0
0,1,0,0,1,40,0.0,0,0,1,1,0,0,0,0,0,0
0,3,0,0,0,28,2.169053700369523,1,1,0,0,0,0,0,0,0,0
0,2,0,0,0,36,2.4423470353692043,0,0,1,0,0,0,0,0,0,0
0,3,4,1,0,16,3.705920919968788,0,0,1,0,0,0,0,0,0,0
1,3,1,0,0,25,2.1719067693519296,0,0,1,0,0,0,0,0,0,0
1,1,0,1,1,54,5.039951348430309,1,0,1,0,1,0,0,0,0,0
1,1,0,0,1,35,4.91730069488021,1,0,1,0,1,0,0,0,0,0
0,1,0,0,0,28,3.4657359027997265,0,0,1,0,0,0,0,0,0,0
1,3,0,0,0,25,0.0,0,0,1,0,0,0,0,0,0,0
1,2,0,1,0,41,3.0204248861443626,1,0,1,0,0,0,0,0,0,0
0,1,0,1,1,37,3.4242626545931514,0,0,0,0,1,0,0,0,0,0
1,3,0,0,0,28,2.169053700369523,1,1,0,0,0,0,0,0,0,0
1,1,1,0,1,54,4.368919865004903,1,0,1,0,0,1,0,0,0,0
0,3,0,0,0,45,2.169053700369523,1,0,1,0,0,0,0,0,0,0
0,2,0,0,0,28,0.0,0,0,1,0,0,0,0,0,0,0
0,3,4,1,0,7,3.405355391810819,0,1,0,0,0,0,0,0,0,0
1,3,1,1,0,35,3.056356895370426,1,0,1,0,0,0,0,0,0,0
0,3,0,0,0,54,2.169053700369523,0,1,0,0,0,0,0,0,0,0
0,3,0,0,0,28,2.180891922715322,0,0,1,0,0,0,0,0,0,0
0,3,0,0,0,16,2.3513752571634776,0,0,1,0,0,0,0,0,0,0
1,3,0,0,0,19,2.2027647577118348,0,0,1,0,0,0,0,0,0,0
0,1,0,0,1,28,3.295836866004329,0,0,1,0,0,0,0,0,0,0
0,3,0,0,0,33,2.2682524139135403,0,0,0,0,0,0,0,0,0,0
1,3,0,0,0,30,2.3513752571634776,0,0,1,0,0,0,0,0,0,0
0,3,0,0,0,22,2.1855792552411137,0,0,1,0,0,0,0,0,0,0
1,2,0,0,0,42,2.6390573296152584,0,0,1,0,0,0,0,0,0,0
1,3,0,0,0,22,2.169053700369523,1,1,0,0,0,0,0,0,0,0
1,1,0,0,0,26,4.380149874661021,1,0,1,0,0,0,0,0,0,0
1,1,1,0,1,19,4.5226490762785785,1,0,0,1,0,0,0,0,0,0
0,2,0,0,1,36,2.630088659632498,0,0,0,0,0,1,0,0,0,0
0,3,0,0,0,24,2.2874714551839976,1,0,1,0,0,0,0,0,0,0
0,3,0,0,0,24,2.1855792552411137,0,0,1,0,0,0,0,0,0,0
0,1,0,0,0,28,3.357621598945279,0,0,0,0,0,0,0,0,0,0
0,3,0,0,0,23,2.1076888046179385,0,0,0,0,0,0,0,0,0,0
0,1,1,2,1,2,5.027492411162679,1,0,1,0,1,0,0,0,0,0
1,1,0,0,1,28,3.449987545831587,0,0,1,0,1,0,0,0,0,0
1,1,0,1,1,50,5.515526544247129,1,0,0,1,0,0,0,0,0,0
1,3,0,0,0,28,2.169053700369523,1,1,0,0,0,0,0,0,0,0
1,3,2,0,0,28,3.188416617383492,0,1,0,0,0,0,0,0,0,0
0,3,0,0,0,19,0.0,0,0,1,0,0,0,0,0,0,0
1,2,0,0,1,28,2.5915163848462583,1,1,0,0,0,0,1,0,0,0
0,3,0,0,0,28,2.2027647577118348,0,0,1,0,0,0,0,0,0,0
1,1,1,2,1,2,5.027492411162679,0,0,1,0,1,0,0,0,0,0
1,1,0,0,0,28,4.717456363787216,1,0,0,0,0,0,0,0,0,0
1,1,1,0,1,17,4.699570861409576,1,0,0,0,1,0,0,0,0,0
0,2,1,0,0,30,3.2188758248682006,0,0,0,0,0,0,0,0,0,0
1,1,0,0,1,30,4.0592215752427645,1,0,0,0,0,0,1,0,0,0
1,1,0,0,1,24,4.432699549165613,1,0,0,0,1,0,0,0,0,0
1,1,2,2,1,18,5.5735788721243535,1,0,0,1,0,0,0,0,0,0
0,2,1,1,0,26,3.295836866004329,1,0,1,0,0,0,0,0,0,0
0,3,0,0,0,28,2.1855792552411137,0,0,1,0,0,0,0,0,0,0
0,2,1,1,0,43,3.305053521109253,0,0,1,0,0,0,0,0,0,0
1,3,0,0,0,26,2.180891922715322,1,0,1,0,0,0,0,0,0,0
1,2,1,0,0,24,3.295836866004329,1,0,1,0,0,0,0,0,0,0
0,2,0,0,0,54,2.70805020110221,0,0,1,0,0,0,0,0,0,0
1,1,0,2,1,31,5.11118445372147,1,0,1,0,1,0,0,0,0,0
1,1,1,1,1,40,4.908971640319756,1,0,0,0,0,0,1,0,0,0
0,3,0,0,0,22,2.1102132003465894,0,0,1,0,0,0,0,0,0,0
0,3,0,0,0,27,2.1855792552411137,0,0,1,0,0,0,0,0,0,0
1,2,0,0,0,30,2.5915163848462583,1,1,0,0,0,0,0,0,0,0
1,2,1,1,0,22,3.4011973816621555,1,0,1,0,0,0,0,0,0,0
0,3,8,2,0,28,4.256321678298823,0,0,1,0,0,0,0,0,0,0
1,1,0,0,1,36,4.91730069488021,1,0,0,0,1,0,0,0,0,0
0,3,0,0,0,54,1.9792758428991135,0,0,1,0,0,0,0,0,0,0
1,2,0,0,1,36,2.6390573296152584,1,0,1,0,0,1,0,0,0,0
1,3,1,1,0,31,3.0692150503137943,1,0,1,0,0,0,0,0,0,0
1,1,0,1,1,16,4.077184839375167,1,0,0,1,0,0,0,0,0,0
1,3,2,0,0,28,3.188416617383492,1,1,0,0,0,0,0,0,0,0
0,1,0,0,1,45,3.3843902633457743,0,0,1,0,1,0,0,0,0,0
0,1,0,1,1,38,5.039951348430309,0,0,1,0,1,0,0,0,0,0
0,3,2,0,0,16,2.9444389791664403,0,0,1,0,0,0,0,0,0,0
1,1,1,0,0,28,4.902678819257608,1,0,1,0,0,0,0,0,0,0
0,3,0,0,0,28,2.1855792552411137,0,0,1,0,0,0,0,0,0,0
0,1,1,0,1,29,4.213607983048918,0,0,1,0,1,0,0,0,0,0
1,1,0,0,1,41,4.908971640319756,1,0,0,0,0,0,1,0,0,0
1,3,0,0,0,45,2.2027647577118348,0,0,1,0,0,0,0,0,0,0
0,1,0,0,1,45,3.597312260588446,0,0,1,0,0,0,0,0,0,1
1,2,1,1,1,2,3.295836866004329,0,0,1,0,0,0,0,1,0,0
1,1,3,2,1,24,5.575949103146316,1,0,1,0,1,0,0,0,0,0
0,2,0,0,0,28,2.6390573296152584,0,0,1,0,0,0,0,0,0,0
0,2,0,0,0,25,2.6390573296152584,0,0,1,0,0,0,0,0,0,0
0,2,0,0,0,36,2.6390573296152584,0,0,1,0,0,0,0,0,0,0
1,2,0,0,1,24,2.6390573296152584,1,0,1,0,0,0,0,1,0,0
1,2,0,0,0,40,2.6390573296152584,1,0,1,0,0,0,0,0,0,0
1,3,1,0,0,28,2.8390784635086144,1,0,1,0,0,0,0,0,0,0
1,3,1,1,0,3,2.8273136219290276,0,0,1,0,0,0,0,0,0,0
0,3,0,0,0,42,2.2682524139135403,0,0,1,0,0,0,0,0,0,0
0,3,0,0,0,23,2.3248357019288655,0,0,1,0,0,0,0,0,0,0
0,1,0,0,1,28,3.58351893845611,0,0,1,0,1,0,0,0,0,0
0,3,1,1,0,15,2.1076888046179385,0,0,0,0,0,0,0,0,0,0
0,3,1,0,0,25,2.9338568698359038,0,0,1,0,0,0,0,0,0,0
0,3,0,0,0,28,2.1071782966514356,0,0,0,0,0,0,0,0,0,0
0,3,0,0,0,28,2.3513752571634776,0,0,1,0,0,0,0,0,0,0
1,1,0,1,1,22,4.02535169073515,1,0,1,0,0,0,1,0,0,0
0,2,0,0,0,38,2.6390573296152584,1,0,1,0,0,0,0,0,0,0
1,3,0,0,0,28,2.1837114628556327,1,1,0,0,0,0,0,0,0,0
1,3,0,0,0,28,2.1837114628556327,1,1,0,0,0,0,0,0,0,0
0,3,1,4,0,40,3.3638415951183864,0,0,1,0,0,0,0,0,0,0
0,2,1,0,0,29,3.357621598945279,0,0,0,0,0,0,0,0,0,0
0,3,0,1,0,45,2.737880811060884,1,0,0,0,0,0,0,0,0,0
0,3,0,0,0,35,2.0856720914304723,0,0,1,0,0,0,0,0,0,0
0,3,1,0,0,28,2.803360380906535,0,1,0,0,0,0,0,0,0,0
0,3,0,0,0,30,2.1102132003465894,0,0,1,0,0,0,0,0,0,0
1,1,1,0,1,54,4.334017415487521,1,0,0,0,0,1,0,0,0,0
1,3,0,0,0,28,2.1076888046179385,1,0,0,0,0,0,0,0,0,0
1,3,0,0,0,28,2.169053700369523,1,1,0,0,0,0,0,0,0,0
1,1,0,0,1,24,4.252771798816619,1,0,0,1,0,0,0,0,0,0
1,1,1,0,1,25,4.0332082470129285,0,0,0,0,0,0,1,0,0,0
0,3,1,0,0,18,2.0143428636837015,0,0,1,0,0,0,0,0,0,0
0,3,0,0,0,19,2.2027647577118348,0,0,1,0,0,0,0,0,0,0
0,1,0,0,0,22,4.91730069488021,0,0,0,0,0,0,0,0,0,0
0,3,3,1,0,3,3.0944457464900235,1,0,1,0,0,0,0,0,0,0
1,1,1,0,0,28,4.420896324687287,1,0,0,0,0,0,0,0,0,0
1,3,0,0,0,22,2.1102132003465894,1,0,1,0,0,0,0,0,0,0
0,1,0,2,1,27,5.358941988364472,0,0,0,0,1,0,0,0,0,0
0,3,0,0,0,20,1.6119347926326877,0,0,0,0,0,0,0,0,0,0
0,3,0,0,0,19,2.1719067693519296,0,0,1,0,0,0,0,0,0,0
1,1,0,0,0,42,5.4316456135398825,1,0,0,0,0,0,0,0,0,0
1,3,0,2,0,2,2.817902613071225,1,0,0,0,0,0,0,0,0,0
0,3,0,0,0,32,2.188856327665703,0,0,1,0,0,0,0,0,0,0
1,1,1,0,0,35,3.970291913552122,1,0,1,0,0,0,0,0,0,0
0,3,0,0,0,28,2.1855792552411137,0,0,1,0,0,0,0,0,0,0
0,2,0,0,0,18,4.310799125385514,0,0,1,0,0,0,0,0,0,0
0,3,5,2,0,2,3.8691155044168695,0,0,1,0,0,0,0,0,0,0
1,2,0,0,0,36,2.6390573296152584,1,0,1,0,0,0,0,0,0,0
0,3,0,0,0,28,2.1666737276227077,0,1,0,0,0,0,0,0,0,0
1,2,0,0,0,17,2.5649493574615367,1,0,0,0,0,0,0,0,0,0
1,1,1,2,1,36,4.795790545596741,0,0,1,1,0,0,0,0,0,0
1,3,0,0,0,21,2.174274334826008,0,0,1,0,0,0,0,0,0,0
0,3,2,0,0,28,2.188856327665703,0,0,1,0,0,0,0,0,0,0
1,1,1,0,1,23,4.738607824217808,1,0,0,0,0,1,0,0,0,0
1,3,0,2,1,24,2.8735646395797834,1,0,1,0,0,0,0,0,1,0
0,3,0,0,0,22,2.174274334826008,0,0,1,0,0,0,0,0,0,0
0,3,0,0,0,31,2.180891922715322,1,0,1,0,0,0,0,0,0,0
0,2,0,0,0,46,3.295836866004329,0,0,1,0,0,0,0,0,0,0
0,2,0,0,0,23,2.4423470353692043,0,0,1,0,0,0,0,0,0,0
1,2,0,0,0,28,2.613739521630969,1,0,1,0,0,0,0,0,0,0
1,3,0,0,0,39,2.188856327665703,0,0,1,0,0,0,0,0,0,0
0,3,0,0,0,26,2.2027647577118348,0,0,1,0,0,0,0,0,0,0
0,3,1,0,0,21,2.3818582738885534,1,0,1,0,0,0,0,0,0,0
0,3,1,0,0,28,2.8243506567983707,0,0,1,0,0,0,0,0,0,0
0,3,0,0,0,20,2.2682524139135403,1,0,1,0,0,0,0,0,0,0
0,2,1,0,0,34,3.091042453358316,0,0,1,0,0,0,0,0,0,0
0,3,0,0,0,51,2.169053700369523,0,0,1,0,0,0,0,0,0,0
1,2,1,1,0,3,2.9831534913471307,0,0,1,0,0,0,0,0,0,0
0,3,0,0,0,21,2.1719067693519296,0,0,1,0,0,0,0,0,0,0
0,3,3,1,0,28,3.275887339030031,1,0,1,0,0,0,0,0,0,0
0,3,0,0,0,28,2.1855792552411137,0,0,1,0,0,0,0,0,0,0
0,3,0,0,0,28,2.061570298060867,0,1,0,0,0,0,0,0,0,0
1,1,1,0,1,33,4.51085950651685,1,1,0,0,1,0,0,0,0,0
0,2,0,0,0,28,0.0,0,0,1,0,0,0,0,0,0,0
1,3,0,0,0,44,2.188856327665703,0,0,1,0,0,0,0,0,0,0
0,3,0,0,0,28,2.2027647577118348,1,0,1,0,0,0,0,0,0,0
1,2,1,1,0,34,3.5115454388310208,1,0,1,0,0,0,0,0,0,0
1,2,0,2,0,18,2.6390573296152584,1,0,1,0,0,0,0,0,0,0
0,2,0,0,0,30,2.6390573296152584,0,0,1,0,0,0,0,0,0,0
0,3,0,2,0,10,3.224857896545748,1,0,1,0,0,0,0,0,0,0
0,3,0,0,0,28,2.1855792552411137,0,0,0,0,0,0,0,0,0,0
0,3,0,0,0,21,2.167143305297764,0,1,0,0,0,0,0,0,0,0
0,3,0,0,0,29,2.1832383353614797,0,0,1,0,0,0,0,0,0,0
0,3,1,1,0,28,2.7343675094195836,1,0,1,0,0,0,0,0,0,0
0,3,1,1,0,18,3.0545906305603445,0,0,1,0,0,0,0,0,0,0
0,3,0,0,0,28,2.1102132003465894,0,0,1,0,0,0,0,0,0,0
1,2,1,0,0,28,3.295836866004329,1,0,1,0,0,0,0,0,0,0
1,2,0,0,0,19,3.295836866004329,1,0,1,0,0,0,0,0,0,0
0,3,0,0,0,28,2.169053700369523,0,1,0,0,0,0,0,0,0,0
1,3,0,0,1,32,2.2027647577118348,0,0,1,0,0,0,1,0,0,0
1,1,0,0,1,28,3.3160025355989236,0,0,1,0,1,0,0,0,0,0
1,3,1,0,0,28,2.8390784635086144,1,0,1,0,0,0,0,0,0,0
1,2,1,0,0,42,3.295836866004329,1,0,1,0,0,0,0,0,0,0
0,3,0,0,0,17,2.094945728215801,0,0,1,0,0,0,0,0,0,0
0,1,1,0,1,50,4.041295341132285,0,0,1,0,0,0,1,0,0,0
1,1,1,2,1,14,4.795790545596741,1,0,1,1,0,0,0,0,0,0
0,3,2,2,0,21,3.5660053559634015,1,0,1,0,0,0,0,0,0,0
1,2,2,3,0,24,2.9831534913471307,1,0,1,0,0,0,0,0,0,0
0,1,1,4,1,54,5.575949103146316,0,0,1,0,1,0,0,0,0,0
0,2,0,0,0,31,2.4423470353692043,0,0,1,0,0,0,0,0,0,0
1,2,1,1,0,45,3.305053521109253,1,0,1,0,0,0,0,0,0,0
0,3,0,0,0,20,2.3513752571634776,0,0,1,0,0,0,0,0,0,0
0,3,1,0,0,25,2.1719067693519296,0,0,1,0,0,0,0,0,0,0
1,2,0,0,0,28,2.6390573296152584,1,0,1,0,0,0,0,0,0,0
1,3,0,0,0,28,2.2096470973347766,0,0,1,0,0,0,0,0,0,0
1,1,0,2,1,4,4.417131919904876,0,0,1,0,0,0,0,0,0,0
1,2,0,1,0,13,3.0204248861443626,1,0,1,0,0,0,0,0,0,0
1,1,0,0,0,34,3.3160025355989236,0,0,1,0,0,0,0,0,0,0
1,3,2,1,0,5,3.0085645861193133,1,0,0,0,0,0,0,0,0,0
1,1,0,0,1,52,3.449987545831587,0,0,1,0,1,0,0,0,0,0
0,2,1,2,0,36,3.3586377672433594,0,0,1,0,0,0,0,0,0,0
0,3,1,0,0,28,3.0429354648621407,0,0,1,0,0,0,0,0,0,0
0,1,0,0,1,30,3.3586377672433594,0,0,0,0,1,0,0,0,0,0
1,1,1,0,1,49,4.500966778400217,0,0,0,0,1,0,0,0,0,0
0,3,0,0,0,28,2.2027647577118348,0,0,1,0,0,0,0,0,0,0
1,3,0,0,0,29,2.1855792552411137,0,0,0,0,0,0,0,0,0,0
0,1,0,0,1,54,3.3160025355989236,0,0,1,0,0,0,1,0,0,0
1,1,1,0,1,28,3.967694202798607,1,0,1,0,0,1,0,0,0,0
1,2,0,0,0,50,2.4423470353692043,1,0,1,0,0,0,0,0,0,0
0,3,0,0,0,28,2.169053700369523,0,1,0,0,0,0,0,0,0,0
1,1,0,0,1,48,3.3160025355989236,0,0,1,0,0,0,1,0,0,0
0,3,0,0,0,34,2.2027647577118348,0,0,1,0,0,0,0,0,0,0
0,1,0,0,1,47,3.676300671907076,0,0,1,0,0,0,1,0,0,0
0,2,0,0,0,48,2.6390573296152584,0,0,1,0,0,0,0,0,0,0
0,3,0,0,0,28,2.2027647577118348,0,0,1,0,0,0,0,0,0,0
0,3,0,0,0,38,2.0856720914304723,0,0,1,0,0,0,0,0,0,0
0,2,0,0,0,28,0.0,0,0,1,0,0,0,0,0,0,0
0,1,0,0,0,54,3.3160025355989236,0,0,1,0,0,0,0,0,0,0
0,3,0,0,0,28,2.1661924680884908,0,1,0,0,0,0,0,0,0,0
1,3,2,1,0,2,3.0085645861193133,1,0,0,0,0,0,0,0,0,0
0,3,0,0,0,28,2.1102132003465894,0,0,1,0,0,0,0,0,0,0
0,3,0,0,0,38,2.2682524139135403,0,0,1,0,0,0,0,0,0,0
1,2,1,2,0,33,3.3586377672433594,1,0,1,0,0,0,0,0,0,0
1,2,0,0,1,23,2.694066212646058,1,0,0,0,0,1,0,0,0,0
0,3,0,0,0,22,2.3830123421066602,1,0,1,0,0,0,0,0,0,0
0,1,0,0,1,28,3.970291913552122,0,0,1,0,0,0,0,0,0,0
0,2,1,0,0,34,3.091042453358316,0,0,1,0,0,0,0,0,0,0
0,3,1,0,0,29,2.0851502161468174,0,0,1,0,0,0,0,0,0,0
0,3,0,0,0,22,2.142510233146819,0,0,1,0,0,0,0,0,0,0
1,3,0,1,0,2,2.586823743668066,1,0,1,0,0,0,0,0,0,0
0,3,5,2,0,9,3.8691155044168695,0,0,1,0,0,0,0,0,0,0
0,2,0,0,0,28,0.0,0,0,1,0,0,0,0,0,0,0
0,3,0,0,0,50,2.2027647577118348,0,0,1,0,0,0,0,0,0,0
1,3,0,0,0,54,2.3596740599781727,1,0,1,0,0,0,0,0,0,0
1,1,1,0,1,25,4.5226490762785785,0,0,0,1,0,0,0,0,0,0
0,3,3,1,0,28,3.275887339030031,1,0,1,0,0,0,0,0,0,0
1,1,1,0,1,35,4.51085950651685,1,0,1,0,1,0,0,0,0,0
0,1,0,0,1,54,3.4242626545931514,0,0,0,1,0,0,0,0,0,0
0,3,0,0,0,30,2.2027647577118348,0,0,1,0,0,0,0,0,0,0
1,3,1,1,0,9,2.8273136219290276,0,0,1,0,0,0,0,0,0,0
0,3,1,0,0,28,3.0429354648621407,0,0,1,0,0,0,0,0,0,0
0,3,0,0,0,21,2.1102132003465894,0,0,1,0,0,0,0,0,0,0
0,1,0,0,1,54,3.449987545831587,0,0,1,0,1,0,0,0,0,0
0,1,0,0,0,54,3.922056501139853,0,0,0,0,0,0,0,0,0,0
0,3,0,0,0,21,2.2027647577118348,0,0,1,0,0,0,0,0,0,0
0,3,0,0,0,28,2.738146075922933,0,0,0,0,0,0,0,0,0,0
1,1,1,0,1,54,4.37281811610993,1,0,0,0,0,1,0,0,0,0
0,3,0,0,0,28,2.7788192719904172,0,0,1,0,0,0,0,0,0,0
0,1,1,2,1,25,5.027492411162679,1,0,1,0,1,0,0,0,0,0
0,3,0,0,0,24,2.174274334826008,0,0,1,0,0,0,0,0,0,0
0,3,0,0,0,17,2.2682524139135403,0,0,1,0,0,0,0,0,0,0
0,3,0,0,0,21,2.169053700369523,1,1,0,0,0,0,0,0,0,0
0,3,0,0,0,28,2.155151800914312,1,1,0,0,0,0,0,0,0,0
0,3,0,0,0,37,2.3596740599781727,1,0,1,0,0,0,0,0,0,0
1,1,0,0,1,16,4.471638793363569,1,0,1,1,0,0,0,0,0,0
0,1,1,0,1,18,4.699570861409576,0,0,0,0,1,0,0,0,0,0
1,2,0,2,0,33,3.295836866004329,1,0,1,0,0,0,0,0,0,0
1,1,0,0,0,28,3.3160025355989236,0,0,1,0,0,0,0,0,0,0
0,3,0,0,0,28,3.1580636854714434,0,0,1,0,0,0,0,0,0,0
1,3,0,0,0,26,4.05171190165724,0,0,1,0,0,0,0,0,0,0
1,3,0,0,0,29,2.169053700369523,0,1,0,0,0,0,0,0,0,0
0,3,0,0,0,28,2.2027647577118348,0,0,1,0,0,0,0,0,0,0
1,1,0,0,1,36,3.3064287218760624,0,0,1,0,0,0,1,0,0,0
1,1,1,0,0,54,4.100989104940769,1,0,0,0,0,0,0,0,0,0
0,3,0,0,0,24,2.139571923732859,0,0,1,0,0,0,0,0,0,0
0,1,0,0,1,47,3.5559421706858756,0,0,1,0,0,1,0,0,0,0
1,2,0,0,1,34,2.4423470353692043,1,0,1,0,0,0,0,1,0,0
0,3,0,0,0,28,3.224857896545748,0,1,0,0,0,0,0,0,0,0
1,2,1,0,0,36,3.295836866004329,1,0,1,0,0,0,0,0,0,0
0,3,0,0,0,32,2.1855792552411137,0,0,1,0,0,0,0,0,0,0
1,1,0,0,1,30,4.548599834499697,1,0,1,1,0,0,0,0,0,0
0,3,0,0,0,22,2.1855792552411137,0,0,1,0,0,0,0,0,0,0
0,3,0,0,0,28,2.1071782966514356,0,0,0,0,0,0,0,0,0,0
1,1,0,1,1,44,4.077184839375167,1,0,0,1,0,0,0,0,0,0
0,3,0,0,0,28,2.1076888046179385,0,0,0,0,0,0,0,0,0,0
0,3,0,0,0,40,2.169053700369523,0,1,0,0,0,0,0,0,0,0
1,2,0,0,0,50,2.4423470353692043,1,0,1,0,0,0,0,0,0,0
0,1,0,0,1,28,5.406181146423973,0,0,1,0,1,0,0,0,0,0
0,3,0,0,0,39,2.188856327665703,0,0,1,0,0,0,0,0,0,0
0,2,2,1,0,23,2.5257286443082556,0,0,1,0,0,0,0,0,0,0
1,2,1,1,0,2,3.295836866004329,1,0,1,0,0,0,0,0,0,0
0,3,0,0,0,28,2.1076888046179385,0,0,0,0,0,0,0,0,0,0
0,3,1,1,0,17,2.1076888046179385,0,0,0,0,0,0,0,0,0,0
1,3,0,2,0,28,3.1509523813392697,1,0,0,0,0,0,0,0,0,0
0,3,0,0,0,30,2.2682524139135403,1,0,1,0,0,0,0,0,0,0
1,2,0,2,0,7,3.305053521109253,1,0,1,0,0,0,0,0,0,0
0,1,0,0,1,45,3.3160025355989236,0,0,1,1,0,0,0,0,0,0
1,1,0,0,0,30,4.676792929661059,1,0,0,0,0,0,0,0,0,0
0,3,0,0,0,28,2.740840023925201,0,0,1,0,0,0,0,0,0,0
1,1,0,2,1,22,3.9219733362813143,1,0,0,1,0,0,0,0,0,0
1,1,0,2,1,36,4.276666119016055,1,0,1,1,0,0,0,0,0,0
0,3,4,2,0,9,3.4742929367327062,1,0,1,0,0,0,0,0,0,0
0,3,4,2,0,11,3.4742929367327062,1,0,1,0,0,0,0,0,0,0
1,2,1,0,0,32,3.295836866004329,0,0,1,0,0,0,0,0,0,0
0,1,1,0,1,50,4.676792929661059,0,0,0,0,1,0,0,0,0,0
0,1,0,0,0,54,3.295836866004329,0,0,1,0,0,0,0,0,0,0
1,2,1,0,0,19,3.295836866004329,1,0,1,0,0,0,0,0,0,0
1,2,0,0,0,28,2.6988412620169004,0,0,0,0,0,0,0,0,0,0
0,3,1,1,0,33,3.0692150503137943,0,0,1,0,0,0,0,0,0,0
1,2,1,1,0,8,3.6309854756950335,0,0,1,0,0,0,0,0,0,0
1,1,0,2,1,17,4.717456363787216,0,0,0,0,1,0,0,0,0,0
0,2,0,0,0,27,3.295836866004329,0,0,1,0,0,0,0,0,0,0
0,3,0,0,0,28,2.17806441028492,0,1,0,0,0,0,0,0,0,0
1,3,0,0,0,22,2.1071782966514356,0,0,0,0,0,0,0,0,0,0
1,3,0,0,0,22,2.1719067693519296,1,0,1,0,0,0,0,0,0,0
0,1,0,0,0,54,3.3160025355989236,0,0,1,0,0,0,0,0,0,0
1,1,1,0,1,48,3.703768066607687,1,0,0,0,0,0,0,0,0,0
0,1,0,0,0,28,5.4316456135398825,0,0,0,0,0,0,0,0,0,0
1,1,1,1,1,39,4.390118804571218,1,0,1,0,0,0,1,0,0,0
1,3,1,0,0,36,2.91235066461494,1,0,1,0,0,0,0,0,0,0
0,3,0,0,0,28,2.169053700369523,0,1,0,0,0,0,0,0,0,0
0,3,0,0,0,40,2.1855792552411137,0,0,1,0,0,0,0,0,0,0
0,2,0,0,0,28,2.6741486494265287,0,0,1,0,0,0,0,0,0,0
0,3,0,0,0,28,2.2027647577118348,0,0,1,0,0,0,0,0,0,0
0,3,0,0,0,28,2.2027647577118348,1,0,1,0,0,0,0,0,0,0
0,3,2,0,0,24,3.224857896545748,0,0,1,0,0,0,0,0,0,0
0,3,0,0,0,19,2.1855792552411137,0,0,1,0,0,0,0,0,0,0
0,3,0,4,0,29,3.0944457464900235,1,0,1,0,0,0,0,0,0,0
0,3,0,0,0,28,2.1076888046179385,0,0,0,0,0,0,0,0,0,0
1,3,0,0,0,32,2.180891922715322,0,0,1,0,0,0,0,0,0,0
1,2,0,0,0,54,2.4423470353692043,0,0,1,0,0,0,0,0,0,0
1,1,2,0,1,53,3.960416900617205,1,0,1,0,1,0,0,0,0,0
1,1,0,0,1,36,3.3100867049215847,0,0,1,0,0,0,1,0,0,0
1,3,0,0,0,28,2.169053700369523,1,1,0,0,0,0,0,0,0,0
0,3,0,0,0,16,2.2027647577118348,0,0,1,0,0,0,0,0,0,0
0,3,0,0,0,19,2.740840023925201,0,0,1,0,0,0,0,0,0,0
1,2,0,0,0,34,2.6390573296152584,1,0,1,0,0,0,0,0,0,0
1,1,1,0,1,39,4.041295341132285,1,0,1,0,0,0,1,0,0,0
0,3,1,0,0,28,2.738146075922933,1,0,0,0,0,0,0,0,0,0
1,3,0,0,0,32,2.188856327665703,0,0,1,0,0,0,0,0,0,0
1,2,1,1,0,25,3.4339872044851463,1,0,1,0,0,0,0,0,0,0
1,1,1,1,1,39,4.717456363787216,1,0,0,0,1,0,0,0,0,0
0,2,0,0,0,54,3.295836866004329,0,0,1,0,0,0,0,0,0,0
0,1,0,0,1,36,3.716616209085536,0,0,0,0,0,0,0,0,0,0
0,3,0,0,0,28,2.2734137156937657,0,0,0,0,0,0,0,0,0,0
1,1,0,2,1,18,4.390118804571218,1,0,1,0,0,0,1,0,0,0
0,2,0,0,0,47,2.772588722239781,0,0,1,0,0,0,0,0,0,0
1,1,1,1,1,54,4.384523514872469,0,0,0,1,0,0,0,0,0,0
0,3,0,0,0,22,2.2027647577118348,0,0,1,0,0,0,0,0,0,0
0,3,0,0,0,28,2.2027647577118348,0,0,1,0,0,0,0,0,0,0
0,3,0,0,0,35,2.094945728215801,0,0,1,0,0,0,0,0,0,0
1,1,1,0,1,52,4.37281811610993,1,0,0,0,0,1,0,0,0,0
0,3,0,0,0,47,2.1102132003465894,0,0,1,0,0,0,0,0,0,0
0,3,0,2,0,28,2.169053700369523,1,1,0,0,0,0,0,0,0,0
0,2,1,0,0,37,3.295836866004329,0,0,1,0,0,0,0,0,0,0
0,3,1,1,0,36,3.224857896545748,0,0,1,0,0,0,0,0,0,0
1,2,0,0,0,28,3.5263605246161616,1,0,1,0,0,0,0,0,0,0
0,3,0,0,0,49,0.0,0,0,1,0,0,0,0,0,0,0
0,3,0,0,0,28,2.1071782966514356,0,0,0,0,0,0,0,0,0,0
1,1,1,0,1,49,4.0592215752427645,0,0,0,0,0,0,0,0,0,0
1,2,2,1,0,24,3.332204510175204,1,0,1,0,0,0,0,0,0,0
0,3,0,0,0,28,2.1855792552411137,0,0,1,0,0,0,0,0,0,0
0,1,0,0,0,28,3.770459441106359,0,0,1,0,0,0,0,0,0,0
0,3,0,0,0,44,2.2027647577118348,0,0,1,0,0,0,0,0,0,0
1,1,0,0,0,35,3.3160025355989236,0,0,0,0,0,0,0,0,0,0
0,3,1,0,0,36,2.806386101823072,0,0,1,0,0,0,0,0,0,0
0,3,0,0,0,30,2.1855792552411137,0,0,1,0,0,0,0,0,0,0
1,1,0,0,0,27,3.449987545831587,0,0,1,0,0,0,0,0,0,0
1,2,1,2,0,22,3.7513658711253766,1,0,0,0,0,0,0,0,0,0
1,1,0,0,1,40,5.039951348430309,1,0,1,0,1,0,0,0,0,0
0,3,1,5,0,39,3.4742929367327062,1,0,1,0,0,0,0,0,0,0
0,3,0,0,0,28,2.0856720914304723,0,0,1,0,0,0,0,0,0,0
1,3,1,0,0,28,2.803360380906535,1,1,0,0,0,0,0,0,0,0
0,3,0,0,0,28,2.169053700369523,0,1,0,0,0,0,0,0,0,0
0,3,0,0,0,35,2.2027647577118348,0,0,1,0,0,0,0,0,0,0
1,2,1,2,0,24,4.189654742026425,1,0,1,0,0,0,0,0,0,0
0,3,1,1,0,34,2.7343675094195836,0,0,1,0,0,0,0,0,0,0
0,3,1,0,0,26,2.8390784635086144,1,0,1,0,0,0,0,0,0,0
1,2,2,1,1,4,3.6888794541139363,1,0,1,0,0,0,0,1,0,0
0,2,0,0,0,26,2.4423470353692043,0,0,1,0,0,0,0,0,0,0
0,3,1,0,0,27,2.737880811060884,0,0,0,0,0,0,0,0,0,0
1,1,1,0,1,42,3.9806942251907276,0,0,1,0,0,1,0,0,0,0
1,3,1,1,0,20,2.817902613071225,0,0,0,0,0,0,0,0,0,0
0,3,0,0,0,21,2.180891922715322,0,0,1,0,0,0,0,0,0,0
0,3,0,0,0,21,2.8390784635086144,0,0,1,0,0,0,0,0,0,0
0,1,0,0,1,54,3.5061818266142577,0,0,1,0,0,1,0,0,0,0
0,2,0,0,0,54,2.5915163848462583,0,1,0,0,0,0,0,0,0,0
1,1,0,0,1,21,4.368919865004903,1,0,1,0,0,1,0,0,0,0
0,3,0,0,0,26,2.1855792552411137,0,0,1,0,0,0,0,0,0,0
0,3,0,0,0,28,2.167143305297764,0,1,0,0,0,0,0,0,0,0
1,1,0,0,1,54,3.4339872044851463,0,0,1,0,0,0,0,0,0,0
0,3,0,0,0,51,2.086193694502369,0,0,1,0,0,0,0,0,0,0
1,1,0,0,1,32,3.449987545831587,0,0,0,1,0,0,0,0,0,0
0,1,0,0,0,28,0.0,0,0,1,0,0,0,0,0,0,0
0,3,3,2,0,9,3.3638415951183864,1,0,1,0,0,0,0,0,0,0
1,2,0,0,0,28,2.6390573296152584,1,0,1,0,0,0,0,0,0,0
0,3,0,0,0,32,2.188856327665703,0,0,1,0,0,0,0,0,0,0
0,2,1,1,0,31,3.305053521109253,0,0,1,0,0,0,0,0,0,0
0,3,0,5,0,41,3.705920919968788,1,0,1,0,0,0,0,0,0,0
0,3,1,0,0,28,2.8390784635086144,0,0,1,0,0,0,0,0,0,0
0,3,0,0,0,20,2.180891922715322,0,0,1,0,0,0,0,0,0,0
1,1,0,0,1,24,4.252771798816619,1,0,0,1,0,0,0,0,0,0
0,3,3,2,0,2,3.3638415951183864,1,0,1,0,0,0,0,0,0,0
1,3,0,0,0,28,4.05171190165724,0,0,1,0,0,0,0,0,0,0
1,3,2,1,0,2,3.0085645861193133,1,0,0,0,0,0,0,0,0,0
1,1,1,0,1,48,4.353230991152628,0,0,0,0,0,1,0,0,0,0
0,3,0,0,0,19,2.1855792552411137,0,0,1,0,0,0,0,0,0,0
1,1,0,0,1,54,3.597312260588446,0,0,0,0,0,0,0,0,0,0
0,3,0,0,0,28,2.145931282948669,0,0,1,0,0,0,0,0,0,0
1,3,0,0,0,23,2.145931282948669,1,0,1,0,0,0,0,0,0,0
0,3,0,0,0,28,2.1855792552411137,0,0,1,0,0,0,0,0,0,0
1,2,0,1,0,18,3.1780538303479458,1,0,1,0,0,0,0,0,0,0
0,3,0,0,0,21,2.2442459824059346,0,0,1,0,0,0,0,0,0,0
1,3,0,0,0,28,2.17806441028492,1,1,0,0,0,0,0,0,0,0
0,3,0,0,0,18,2.0476928433652555,1,1,0,0,0,0,0,0,0,0
0,2,2,0,0,24,4.310799125385514,0,0,1,0,0,0,0,0,0,0
0,3,0,0,0,28,2.1855792552411137,0,0,1,0,0,0,0,0,0,0
0,3,1,1,0,32,2.803360380906535,1,1,0,0,0,0,0,0,0,0
0,2,0,0,0,23,2.6390573296152584,0,0,1,0,0,0,0,0,0,0
0,1,0,2,1,54,4.738607824217808,0,0,0,0,0,1,0,0,0,0
1,1,2,0,0,50,4.902678819257608,0,0,1,0,0,0,0,0,0,0
0,3,0,0,0,40,2.1071782966514356,0,0,0,0,0,0,0,0,0,0
0,1,0,0,1,47,3.2804411805263554,0,0,1,0,0,0,1,0,0,0
0,3,0,0,0,36,2.139571923732859,0,0,1,0,0,0,0,0,0,0
1,3,1,0,0,20,2.188856327665703,0,0,1,0,0,0,0,0,0,0
0,2,2,0,0,32,4.310799125385514,0,0,1,0,0,0,0,0,0,0
0,2,0,0,0,25,2.6390573296152584,0,0,1,0,0,0,0,0,0,0
0,3,0,0,0,28,2.1719067693519296,0,0,1,0,0,0,0,0,0,0
0,3,0,0,0,43,2.2027647577118348,0,0,1,0,0,0,0,0,0,0
1,1,1,0,1,28,3.970291913552122,1,0,1,0,1,0,0,0,0,0
1,2,1,1,0,40,3.6888794541139363,1,0,1,0,0,0,0,0,0,0
0,1,1,0,1,31,3.970291913552122,0,0,1,1,0,0,0,0,0,0
0,2,0,0,0,54,2.4423470353692043,0,0,1,0,0,0,0,0,0,0
1,2,0,0,0,31,2.6390573296152584,0,0,1,0,0,0,0,0,0,0
0,2,0,0,0,28,0.0,0,0,1,0,0,0,0,0,0,0
0,3,0,0,0,18,2.1719067693519296,0,0,1,0,0,0,0,0,0,0
0,3,0,0,0,24,2.2027647577118348,0,0,1,0,0,0,0,0,0,0
1,3,0,0,0,18,2.3833998102837652,1,0,1,0,0,0,0,0,0,0
0,3,1,6,0,43,3.8691155044168695,1,0,1,0,0,0,0,0,0,0
1,1,0,1,1,36,6.240917354759096,0,0,0,1,0,0,0,0,0,0
0,3,0,0,0,28,2.212386825075897,1,1,0,0,0,0,0,0,0,0
1,1,0,0,1,27,4.353230991152628,0,0,0,0,0,1,0,0,0,0
0,3,0,0,0,20,2.3248357019288655,0,0,1,0,0,0,0,0,0,0
0,3,5,2,0,14,3.8691155044168695,0,0,1,0,0,0,0,0,0,0
0,2,1,1,0,54,3.6888794541139363,0,0,1,0,0,0,0,0,0,0
0,2,1,2,0,25,3.7513658711253766,0,0,0,0,0,0,0,0,0,0
0,3,4,1,0,14,3.705920919968788,0,0,1,0,0,0,0,0,0,0
0,3,0,0,0,19,2.4133032309283076,0,0,1,0,0,0,0,0,0,0
0,3,0,0,0,18,2.174274334826008,0,0,1,0,0,0,0,0,0,0
1,1,0,1,1,15,5.35817698994543,1,0,1,1,0,0,0,0,0,0
1,1,1,0,1,31,4.060443010546419,0,0,1,1,0,0,0,0,0,0
1,3,0,1,0,4,2.668387256845834,1,0,0,0,0,0,0,0,0,0
1,3,0,0,0,28,4.05171190165724,0,0,1,0,0,0,0,0,0,0
0,3,0,0,0,25,2.1071782966514356,0,0,0,0,0,0,0,0,0,0
0,1,0,0,0,54,3.3160025355989236,0,0,1,0,0,0,0,0,0,0
0,2,0,0,0,52,2.6741486494265287,0,0,1,0,0,0,0,0,0,0
0,3,0,0,0,44,2.2027647577118348,0,0,1,0,0,0,0,0,0,0
1,3,0,0,0,28,2.167143305297764,1,1,0,0,0,0,0,0,0,0
0,1,1,1,1,49,4.717456363787216,0,0,0,0,1,0,0,0,0,0
0,3,0,0,1,42,2.157559320943788,0,0,1,0,0,0,0,1,0,0
1,1,1,0,1,18,5.4316456135398825,1,0,0,0,1,0,0,0,0,0
1,1,0,0,1,35,3.3064287218760624,0,0,1,0,0,0,1,0,0,0
0,3,0,1,0,18,2.737880811060884,1,0,0,0,0,0,0,0,0,0
0,3,0,0,0,25,2.1681046787623672,0,1,0,0,0,0,0,0,0,0
0,3,1,0,0,26,2.180891922715322,0,0,1,0,0,0,0,0,0,0
0,2,0,0,0,39,3.295836866004329,0,0,1,0,0,0,0,0,0,0
1,2,0,0,0,45,2.6741486494265287,1,0,1,0,0,0,0,0,0,0
1,1,0,0,1,42,3.3064287218760624,0,0,1,0,0,0,1,0,0,0
1,1,0,0,0,22,5.027492411162679,1,0,1,0,0,0,0,0,0,0
1,3,1,1,0,28,2.7878344138303452,0,0,0,0,0,0,0,0,0,0
1,1,0,0,1,24,3.922056501139853,1,0,0,0,1,0,0,0,0,0
0,1,0,0,1,28,3.3160025355989236,0,0,1,0,1,0,0,0,0,0
1,1,1,0,1,48,3.970291913552122,0,0,1,0,1,0,0,0,0,0
0,3,0,0,0,29,2.3497835148230464,0,0,1,0,0,0,0,0,0,0
0,2,0,0,0,52,2.6390573296152584,0,0,1,0,0,0,0,0,0,0
0,3,0,0,1,19,2.157559320943788,0,0,1,0,0,0,0,1,0,0
1,1,0,0,1,38,5.4316456135398825,1,0,0,0,1,0,0,0,0,0
1,2,0,0,1,27,2.4423470353692043,1,0,1,0,0,0,1,0,0,0
0,3,0,0,0,28,2.803360380906535,0,1,0,0,0,0,0,0,0,0
0,3,0,0,0,33,2.1719067693519296,0,0,1,0,0,0,0,0,0,0
1,2,0,1,0,6,3.5263605246161616,1,0,1,0,0,0,0,0,0,0
0,3,1,0,0,17,2.086193694502369,0,0,1,0,0,0,0,0,0,0
0,2,0,0,0,34,2.6390573296152584,0,0,1,0,0,0,0,0,0,0
0,2,0,0,0,50,2.6390573296152584,0,0,1,0,0,0,0,0,0,0
1,1,1,0,1,27,3.9908341858524357,0,0,1,0,0,0,1,0,0,0
0,3,0,0,0,20,2.2682524139135403,0,0,1,0,0,0,0,0,0,0
1,2,3,0,0,30,3.091042453358316,1,0,1,0,0,0,0,0,0,0
1,3,0,0,0,28,2.1676241075599285,1,1,0,0,0,0,0,0,0,0
0,2,1,0,0,25,3.295836866004329,0,0,1,0,0,0,0,0,0,0
0,3,1,0,0,25,2.188856327665703,1,0,1,0,0,0,0,0,0,0
1,1,0,0,1,29,5.35817698994543,1,0,1,1,0,0,0,0,0,0
0,3,0,0,0,11,2.9850504252071306,0,0,0,0,0,0,0,0,0,0
0,2,0,0,0,28,0.0,0,0,1,0,0,0,0,0,0,0
0,2,0,0,0,23,2.6390573296152584,0,0,1,0,0,0,0,0,0,0
0,2,0,0,0,23,2.6390573296152584,0,0,1,0,0,0,0,0,0,0
0,3,0,0,0,28,2.8390784635086144,0,0,1,0,0,0,0,0,0,0
0,3,1,3,0,48,3.5660053559634015,1,0,1,0,0,0,0,0,0,0
1,1,0,0,1,35,6.240917354759096,0,0,0,1,0,0,0,0,0,0
0,3,0,0,0,28,2.1855792552411137,0,0,1,0,0,0,0,0,0,0
0,3,0,0,0,28,2.1855792552411137,0,0,1,0,0,0,0,0,0,0
1,1,0,0,1,28,3.4339872044851463,0,0,1,0,0,1,0,0,0,0
0,1,1,0,1,36,4.380149874661021,0,0,1,0,1,0,0,0,0,0
1,1,2,2,1,21,5.5735788721243535,1,0,0,1,0,0,0,0,0,0
0,3,1,0,0,24,2.8390784635086144,0,0,1,0,0,0,0,0,0,0
1,3,0,0,0,31,2.188856327665703,0,0,1,0,0,0,0,0,0,0
0,1,1,1,1,54,4.276666119016055,0,0,1,1,0,0,0,0,0,0
0,3,1,1,0,16,3.056356895370426,0,0,1,0,0,0,0,0,0,0
1,2,0,0,0,30,2.6390573296152584,1,0,1,0,0,0,0,0,0,0
0,1,1,0,1,19,3.9908341858524357,0,0,1,0,0,1,0,0,0,0
0,3,0,0,0,31,2.169053700369523,0,1,0,0,0,0,0,0,0,0
1,2,1,1,0,4,3.1780538303479458,1,0,1,0,0,0,0,0,0,0
1,3,0,1,1,6,2.600836116795061,0,0,1,0,0,0,1,0,0,0
0,3,0,0,0,33,2.3513752571634776,0,0,1,0,0,0,0,0,0,0
0,3,0,0,0,23,2.1855792552411137,0,0,1,0,0,0,0,0,0,0
1,2,1,2,0,48,4.189654742026425,1,0,1,0,0,0,0,0,0,0
1,2,1,1,0,2,2.740840023925201,0,0,1,0,0,0,0,0,0,0
0,3,0,0,0,28,2.174274334826008,0,0,1,0,0,0,0,0,0,0
0,2,0,0,0,18,2.5257286443082556,0,0,1,0,0,0,0,0,0,0
0,3,0,0,0,34,2.2027647577118348,0,0,1,0,0,0,0,0,0,0
1,1,0,0,1,33,4.471638793363569,1,0,1,1,0,0,0,0,0,0
0,3,0,0,0,28,2.740840023925201,0,0,1,0,0,0,0,0,0,0
0,3,0,0,0,41,2.094945728215801,0,0,1,0,0,0,0,0,0,0
1,3,0,0,0,20,2.1076888046179385,0,0,0,0,0,0,0,0,0,0
1,1,1,2,1,36,4.795790545596741,1,0,1,1,0,0,0,0,0,0
0,3,0,0,0,16,2.1719067693519296,0,0,1,0,0,0,0,0,0,0
1,1,1,0,1,51,4.368919865004903,1,0,1,0,0,1,0,0,0,0
0,1,0,0,0,28,3.703768066607687,0,0,0,0,0,0,0,0,0,0
0,3,0,0,0,30,2.169053700369523,1,1,0,0,0,0,0,0,0,0
0,3,1,0,0,28,3.224857896545748,0,1,0,0,0,0,0,0,0,0
0,3,0,0,0,32,2.236712348843338,0,0,1,0,0,0,0,0,0,0
0,3,0,0,0,24,2.3513752571634776,0,0,1,0,0,0,0,0,0,0
0,3,0,0,0,48,2.180891922715322,0,0,1,0,0,0,0,0,0,0
0,2,0,0,1,54,2.4423470353692043,1,0,1,0,0,0,1,0,0,0
0,3,0,0,0,28,2.1071782966514356,0,0,0,0,0,0,0,0,0,0
1,2,1,3,0,54,3.1780538303479458,1,0,1,0,0,0,0,0,0,0
0,3,0,0,0,18,2.169053700369523,0,0,1,0,0,0,0,0,0,0
0,3,0,0,1,28,2.169053700369523,0,1,0,0,0,0,0,1,0,0
1,3,0,0,0,5,2.600836116795061,1,0,1,0,0,0,0,0,0,0
0,3,0,0,0,28,2.1676241075599285,0,1,0,0,0,0,0,0,0,0
1,1,0,1,1,43,5.35817698994543,1,0,1,1,0,0,0,0,0,0
1,3,0,0,0,13,2.1076888046179385,1,0,0,0,0,0,0,0,0,0
1,1,1,0,1,17,4.060443010546419,1,0,1,1,0,0,0,0,0,0
0,1,0,0,1,29,3.4339872044851463,0,0,1,0,0,1,0,0,0,0
0,3,1,2,0,28,3.196630215920881,0,0,1,0,0,0,0,0,0,0
0,3,0,0,0,25,2.0856720914304723,0,0,1,0,0,0,0,0,0,0
0,3,0,0,0,25,2.1102132003465894,0,0,1,0,0,0,0,0,0,0
1,3,0,0,0,18,2.139571923732859,1,0,1,0,0,0,0,0,0,0
0,3,4,1,0,8,3.405355391810819,0,1,0,0,0,0,0,0,0,0
1,3,1,2,0,2,3.0715352369694915,0,0,1,0,0,0,0,0,0,0
0,1,0,0,1,46,4.384523514872469,0,0,0,1,0,0,0,0,0,0
0,3,0,0,0,28,2.169053700369523,0,1,0,0,0,0,0,0,0,0
0,2,0,0,0,16,3.295836866004329,0,0,1,0,0,0,0,0,0,0
0,3,8,2,0,28,4.256321678298823,1,0,1,0,0,0,0,0,0,0
0,1,0,0,0,28,3.4561841799918147,0,0,0,0,0,0,0,0,0,0
0,3,0,0,0,25,2.1855792552411137,0,0,1,0,0,0,0,0,0,0
0,2,0,0,0,39,2.6390573296152584,0,0,1,0,0,0,0,0,0,0
1,1,0,0,1,49,3.2932111997353943,1,0,1,0,0,1,0,0,0,0
1,3,0,0,0,31,2.270402752283094,1,0,1,0,0,0,0,0,0,0
0,3,0,0,0,30,2.1076888046179385,0,0,0,0,0,0,0,0,0,0
0,3,1,1,0,30,3.224857896545748,1,0,1,0,0,0,0,0,0,0
0,2,0,0,0,34,2.6390573296152584,0,0,1,0,0,0,0,0,0,0
1,2,1,1,0,31,3.305053521109253,1,0,1,0,0,0,0,0,0,0
1,1,1,2,1,11,4.795790545596741,0,0,1,1,0,0,0,0,0,0
1,3,0,1,0,2,2.2530481500547457,0,0,0,0,0,0,0,0,0,0
1,3,0,0,0,27,2.076311648670908,0,0,1,0,0,0,0,0,0,0
0,3,0,0,0,31,2.1719067693519296,0,0,1,0,0,0,0,0,0,0
0,1,0,0,1,39,0.0,0,0,1,0,0,0,0,0,0,0
0,3,0,0,0,18,2.1719067693519296,1,0,1,0,0,0,0,0,0,0
0,2,0,0,0,39,2.6390573296152584,0,0,1,0,0,0,0,0,0,0
1,1,1,0,1,33,3.9908341858524357,1,0,1,0,0,0,1,0,0,0
0,3,0,0,0,26,2.184645795129359,0,0,1,0,0,0,0,0,0,0
0,3,0,0,0,39,3.224857896545748,0,0,1,0,0,0,0,0,0,0
0,2,0,0,0,35,2.4423470353692043,0,0,1,0,0,0,0,0,0,0
0,3,4,2,0,6,3.4742929367327062,1,0,1,0,0,0,0,0,0,0
0,3,0,0,0,30,2.2027647577118348,0,0,1,0,0,0,0,0,0,0
0,1,0,0,1,28,0.0,0,0,1,1,0,0,0,0,0,0
0,3,0,0,0,23,2.188856327665703,1,0,1,0,0,0,0,0,0,0
0,2,1,1,0,31,3.637696679934592,0,0,0,0,0,0,0,0,0,0
0,3,0,0,0,43,2.0082140323914683,0,0,1,0,0,0,0,0,0,0
0,3,3,2,0,10,3.3638415951183864,0,0,1,0,0,0,0,0,0,0
1,1,1,1,1,52,4.548599834499697,1,0,1,1,0,0,0,0,0,0
1,3,0,0,0,27,2.2682524139135403,0,0,1,0,0,0,0,0,0,0
0,1,0,0,0,38,0.0,0,0,1,0,0,0,0,0,0,0
1,3,0,1,1,27,2.600836116795061,1,0,1,0,0,0,1,0,0,0
0,3,4,1,0,2,3.705920919968788,0,0,1,0,0,0,0,0,0,0
0,3,0,0,0,28,2.0731719286662407,0,1,0,0,0,0,0,0,0,0
0,3,0,0,0,28,4.05171190165724,0,0,1,0,0,0,0,0,0,0
1,2,0,2,0,2,3.637696679934592,0,0,0,0,0,0,0,0,0,0
1,3,0,0,0,28,2.169053700369523,0,1,0,0,0,0,0,0,0,0
1,1,0,0,1,54,4.394449154672439,1,0,1,1,0,0,0,0,0,0
1,3,1,0,0,15,2.737880811060884,1,0,0,0,0,0,0,0,0,0
1,2,1,1,0,2,2.9831534913471307,0,0,1,0,0,0,0,0,0,0
0,3,0,0,0,28,2.1076888046179385,0,0,0,0,0,0,0,0,0,0
0,3,0,0,0,23,2.180891922715322,0,0,1,0,0,0,0,0,0,0
0,3,0,0,0,18,2.2300144001592104,0,0,1,0,0,0,0,0,0,0
1,1,1,1,1,39,4.432699549165613,1,0,0,0,0,0,1,0,0,0
0,3,0,0,0,21,2.2682524139135403,0,0,1,0,0,0,0,0,0,0
0,3,0,0,0,28,2.2027647577118348,0,0,1,0,0,0,0,0,0,0
1,3,0,0,0,32,4.05171190165724,0,0,1,0,0,0,0,0,0,0
1,1,0,0,1,28,3.4242626545931514,0,0,0,0,1,0,0,0,0,0
0,3,0,0,0,20,2.188856327665703,0,0,1,0,0,0,0,0,0,0
0,2,0,0,0,16,2.4423470353692043,0,0,1,0,0,0,0,0,0,0
1,1,0,0,0,30,3.4657359027997265,1,0,0,0,0,0,0,0,0,0
0,3,0,0,0,34,2.006534770871748,0,0,0,0,0,0,0,0,0,0
0,3,0,0,0,17,2.2682524139135403,0,0,1,0,0,0,0,0,0,0
0,3,0,0,0,42,2.145931282948669,0,0,1,0,0,0,0,0,0,0
0,3,8,2,0,28,4.256321678298823,0,0,1,0,0,0,0,0,0,0
0,3,0,0,0,35,2.1855792552411137,0,0,0,0,0,0,0,0,0,0
0,2,0,1,0,28,3.5263605246161616,0,0,1,0,0,0,0,0,0,0
1,1,1,0,1,28,4.500966778400217,1,0,0,0,1,0,0,0,0,0
0,3,4,2,0,4,3.4742929367327062,0,0,1,0,0,0,0,0,0,0
0,3,0,0,0,54,2.1719067693519296,0,0,1,0,0,0,0,0,0,0
0,3,1,1,0,9,2.7878344138303452,1,0,0,0,0,0,0,0,0,0
1,1,0,1,1,16,3.6988297849671046,1,0,1,0,0,1,0,0,0,0
0,2,1,0,0,44,3.295836866004329,1,0,1,0,0,0,0,0,0,0
1,3,0,1,0,18,2.336986519711378,1,0,1,0,0,0,0,0,0,0
1,1,1,1,0,45,5.11118445372147,1,0,1,0,0,0,0,0,0,0
1,1,0,0,1,51,3.3160025355989236,0,0,1,0,0,0,1,0,0,0
1,3,0,3,0,24,3.0085645861193133,1,0,0,0,0,0,0,0,0,0
0,3,0,0,0,28,2.1076888046179385,0,0,0,0,0,0,0,0,0,0
0,3,2,0,0,41,2.7152442616824506,0,0,1,0,0,0,0,0,0,0
0,2,1,0,0,21,2.5257286443082556,0,0,1,0,0,0,0,0,0,0
1,1,0,0,1,48,3.2932111997353943,1,0,1,0,0,1,0,0,0,0
0,3,8,2,0,28,4.256321678298823,1,0,1,0,0,0,0,0,0,0
0,2,0,0,0,24,2.6390573296152584,0,0,1,0,0,0,0,0,0,0
1,2,0,0,0,42,2.6390573296152584,1,0,1,0,0,0,0,0,0,0
1,2,1,0,0,27,2.698558631668595,1,0,0,0,0,0,0,0,0,0
0,1,0,0,1,31,3.941500250945973,0,0,1,0,0,0,0,0,0,0
0,3,0,0,0,28,2.3513752571634776,0,0,1,0,0,0,0,0,0,0
1,3,1,1,0,4,2.495953738718064,0,0,1,0,0,0,0,0,0,0
0,3,0,0,0,26,2.1855792552411137,0,0,1,0,0,0,0,0,0,0
1,1,1,1,1,47,3.9806942251907276,1,0,1,0,0,1,0,0,0,0
0,1,0,0,1,33,1.791759469228055,0,0,1,1,0,0,0,0,0,0
0,3,0,0,0,47,2.302585092994046,0,0,1,0,0,0,0,0,0,0
1,2,1,0,0,28,3.2188758248682006,1,0,0,0,0,0,0,0,0,0
1,3,0,0,0,15,2.1071782966514356,1,0,0,0,0,0,0,0,0,0
0,3,0,0,0,20,2.3837779082709782,0,0,1,0,0,0,0,0,0,0
0,3,0,0,0,19,2.1855792552411137,0,0,1,0,0,0,0,0,0,0
0,3,0,0,0,28,2.1855792552411137,0,0,1,0,0,0,0,0,0,0
1,1,0,1,1,54,4.432699549165613,1,0,0,0,1,0,0,0,0,0
1,2,0,1,0,25,3.295836866004329,1,0,1,0,0,0,0,0,0,0
0,3,0,0,0,33,2.1855792552411137,0,0,1,0,0,0,0,0,0,0
0,3,0,0,0,22,2.4437981558973862,1,0,1,0,0,0,0,0,0,0
0,2,0,0,0,28,2.4423470353692043,0,0,1,0,0,0,0,0,0,0
0,3,0,0,0,25,2.0856720914304723,0,0,1,0,0,0,0,0,0,0
0,3,0,5,0,39,3.405355391810819,1,1,0,0,0,0,0,0,0,0
0,2,0,0,0,27,2.6390573296152584,0,0,1,0,0,0,0,0,0,0
1,1,0,0,1,19,3.4339872044851463,1,0,1,1,0,0,0,0,0,0
0,3,1,2,0,28,3.196630215920881,1,0,1,0,0,0,0,0,0,0
1,1,0,0,1,26,3.4339872044851463,0,0,0,0,1,0,0,0,0,0
0,3,0,0,0,32,2.169053700369523,0,1,0,0,0,0,0,0,0,0
